nombre;marca;unidad;tipo
Safale BE-134;Fermentis;KILOGRAMO;LEVADURA
Safale K-97;Fermentis;KILOGRAMO;LEVADURA
Safale S-04;Fermentis;KILOGRAMO;LEVADURA
Safale US-05;Fermentis;KILOGRAMO;LEVADURA
Safbrew BE-256 / Abbaye;Fermentis;KILOGRAMO;LEVADURA
Safbrew S-33;Fermentis;KILOGRAMO;LEVADURA
Safbrew T-58;Fermentis;KILOGRAMO;LEVADURA
Safbrew WB-06;Fermentis;KILOGRAMO;LEVADURA
Saflager S-189;Fermentis;KILOGRAMO;LEVADURA
Saflager S-23;Fermentis;KILOGRAMO;LEVADURA
Saflager W-34/70;Fermentis;KILOGRAMO;LEVADURA
Abbaye;Lallemand;KILOGRAMO;LEVADURA
Belle Saison;Lallemand;KILOGRAMO;LEVADURA
BRY-97;Lallemand;KILOGRAMO;LEVADURA
Diamond;Lallemand;KILOGRAMO;LEVADURA
London ESB;Lallemand;KILOGRAMO;LEVADURA
Munich;Lallemand;KILOGRAMO;LEVADURA
Munich Classic;Lallemand;KILOGRAMO;LEVADURA
Nottingham;Lallemand;KILOGRAMO;LEVADURA
Windsor;Lallemand;KILOGRAMO;LEVADURA
